ticker,sector,revenue,revenue_growth,total_debt,total_cash,gross_margin,ebitda_margin
MMM,Industrials,24824999936,0.035,13659000000.0,5600000000.0,0.40978850780368437,0.24817723874655964
AOS,Industrials,3830099968,0.044,216700000.0,239600000.0,0.38513355899957546,0.2047727314045919
ABT,Healthcare,43842998272,0.069,15021000000.0,7616000000.0,0.5625983699146953,0.2679333253424443
ABBV,Healthcare,59643998208,0.091,67144000000.0,5524000000.0,0.7146067070044803,0.4949198651816846
ACN,Technology,69672976384,0.073,8182866000.0,11478729000.0,0.319139519308755,0.17542714863559114
ADBE,Technology,23181000704,0.107,6056000000.0,7613000000.0,0.891376489904273,0.3908373007571089
AMD,Technology,32027000832,0.356,2212000000.0,3787000000.0,0.5145658217092215,0.1890280067046148
AES,Utilities,12094000128,0.019,29018000000.0,1524000000.0,0.17264759202092841,0.26509013511397905
AFL,Financial Services,17700999168,0.607,7498000000.0,6229000000.0,0.48172422263118203,0.30269478446653075
A,Healthcare,6947999744,0.094,3390000000.0,1329000000.0,0.5243235748743286,0.2543178078735404
APD,Basic Materials,12037300224,-0.006,18406200000.0,1856000000.0,0.3141318981527797,0.062439250165203825
ABNB,Consumer Cyclical,11943000064,0.097,2294000000.0,6864000000.0,0.8303608496070423,0.23118143860038415
AKAM,Technology,4133201920,0.05,4634605000.0,517707000.0,0.5912689869262424,0.28397548020107377
ALB,Basic Materials,4946415104,-0.035,3615679000.0,1192230000.0,0.12388730082609743,0.14088465471417094
ARE,Real Estate,3058394880,-0.05,12751501000.0,552146000.0,0.6957574608547605,0.6404529476586097
ALGN,Healthcare,3982621952,0.018,119277000.0,1043887000.0,0.6925480473020804,0.2036065711918217
ALLE,Industrials,3979699968,0.107,1999500000.0,503800000.0,0.4511646723213482,0.2416262551780386
LNT,Utilities,4273999872,0.119,10406000000.0,81000000.0,0.46888162377558446,0.4363593804057091
ALL,Financial Services,66845999104,0.038,8085000000.0,704000000.0,0.28203631362691167,0.15056997550953982
GOOGL,Communication Services,385476001792,0.159,25461000000.0,23466000000.0,0.5917229594465867,0.3766097060183135
GOOG,Communication Services,385476001792,0.159,25461000000.0,23466000000.0,0.5917229594465867,0.3766097060183135
MO,Consumer Defensive,20166000640,-0.017,24926000000.0,3127000000.0,0.7218585350595328,0.6252107309265661
AMZN,Consumer Cyclical,691330023424,0.134,130900000000.0,78779000000.0,0.5004585330034272,0.20206991106810698
AMCR,Consumer Cyclical,17400999936,0.713,15008000000.0,827000000.0,0.18958680973125427,0.1433825684257505
AEE,Utilities,8634999808,0.248,18722000000.0,7000000.0,0.4709901742246802,0.41053850779657136
AEP,Utilities,21257000960,0.109,45762800000.0,202900000.0,0.4842169509879911,0.41197251862945766
AXP,Financial Services,65294000128,0.122,51089000000.0,40552000000.0,0.6413453102261739,0.0
AIG,Financial Services,27120001024,-0.041,8922000000.0,1302000000.0,0.3401179623790268,0.30660027632895714
AMT,Real Estate,10454700032,0.077,43954100000.0,1999600000.0,0.742852509993469,0.6435670092308584
AWK,Utilities,5070000128,0.097,14110000000.0,96000000.0,0.6074950536963774,0.544575910511693
AMP,Financial Services,18513000448,0.073,5472000000.0,8522000000.0,0.5676551302160915,0.0
AME,Industrials,7164270080,0.108,2134457000.0,373999000.0,0.3587767992130191,0.31643948297381885
AMGN,Healthcare,35970998272,0.124,60099000000.0,11973000000.0,0.7005087803641592,0.4581746751473642
APH,Technology,20973500416,0.534,6886100000.0,3317000000.0,0.3630819726301237,0.2890647680048183
ADI,Technology,11019707392,0.259,8664610000.0,2499406000.0,0.61466948686109,0.453221750300355
AON,Financial Services,17027999744,0.074,17892000000.0,1085000000.0,0.467582804304745,0.3190039982185238
APA,Energy,9376000000,-0.164,6162000000.0,625000000.0,0.665422361774744,0.6219070034129692
APO,Financial Services,27217000448,0.264,10588000000.0,16166000000.0,0.39975014957239713,0.0
AAPL,Technology,416161005568,0.079,98657000000.0,35934000000.0,0.46905165309656693,0.3478173144320424
AMAT,Technology,28367998976,-0.035,6606000000.0,8022000000.0,0.4867456464476714,0.3139100485562567
APTV,Consumer Cyclical,20152000512,0.074,8888000000.0,1573000000.0,0.19407502801873688,0.15914053108972054
ACGL,Financial Services,19542999040,0.082,2728000000.0,979000000.0,0.3563936209454984,0.25646011309428995
ADM,Consumer Defensive,83211001856,0.022,11538000000.0,611000000.0,0.062227346823209004,0.03027244003574469
ANET,Technology,8448346112,0.275,,2762357000.0,0.6434280631896535,0.43454349991479135
AJG,Financial Services,12078600192,0.2,13485200000.0,14987300000.0,0.4360108102169063,0.28488399990911795
AIZ,Financial Services,12568699904,0.089,2083100000.0,1807700000.0,0.11491244464674905,0.11223913712436108
T,Communication Services,124479995904,0.016,140923000000.0,3298000000.0,0.5967464833890874,0.35613753768267475
ATO,Utilities,4702754816,0.121,9303506000.0,202687000.0,0.5813101220372021,0.49381223960454074
ADSK,Technology,6888000000,0.18,2559000000.0,1599000000.0,0.9213124088269454,0.2572590011614402
ADP,Technology,20903399424,0.071,9065400000.0,3347800000.0,0.48306496159693724,0.29148847555408985
AZO,Consumer Cyclical,18938716160,0.006,12288796000.0,271803000.0,0.5262486726027368,0.22300111814971094
AVB,Real Estate,3065607936,0.044,8250531000.0,108576000.0,0.6344262073309038,0.6096490689669196
AVY,Consumer Cyclical,8769999872,0.015,3152200000.0,329100000.0,0.2856100383760644,0.16375142405475282
AXON,Industrials,2557957120,0.306,721672000.0,454844000.0,0.6035656453850172,0.027834321163288305
BKR,Energy,27711000576,0.015,6023000000.0,3364000000.0,0.21352531734724178,0.1695355553515759
BALL,Consumer Cyclical,12693999616,0.096,5673000000.0,885000000.0,0.19859776368847812,0.15566409798133082
BAC,Financial Services,101445001216,0.126,326670000000.0,296486000000.0,1.0,0.0
BAX,Healthcare,11022999552,0.05,13449000000.0,1764000000.0,0.3792978414157156,0.18815205336951102
BDX,Healthcare,21839998976,0.083,19181000000.0,641000000.0,0.47431321198245097,0.28489012910840167
BRK-B,Financial Services,372127989760,0.021,124762000000.0,47729000000.0,0.2436097299815215,0.279108272879409
BBY,Consumer Cyclical,41825001472,0.024,4053000000.0,1578000000.0,0.22496115043292736,0.0623311409981724
TECH,Healthcare,1216732032,-0.01,444058000.0,162186000.0,0.6683517575051398,0.2617511363422378
BIIB,Healthcare,10065899520,0.028,6630300000.0,2375000000.0,0.7656345180763339,0.33869799328177674
BLK,Financial Services,22884999168,0.252,14222000000.0,12762000000.0,0.476644118530387,0.3944505417602294
BX,Financial Services,12791218176,-0.196,12286698000.0,1972140000.0,1.0,0.0
XYZ,Technology,23973765120,0.023,7918613000.0,12258119000.0,0.4111827414116252,0.06964283731165545
BK,Financial Services,19733999616,0.1,31380000000.0,101937000000.0,1.0,0.0
BA,Industrials,80756998144,0.304,54188000000.0,13801000000.0,0.011949428807139194,-0.07620392056954167
BKNG,Consumer Cyclical,26038999040,0.127,17081000000.0,16164000000.0,0.8699259223137942,0.3770882203619452
BSX,Healthcare,19349000192,0.203,11147000000.0,414000000.0,0.6832911292990905,0.26208072839322444
BMY,Healthcare,48034000896,0.028,51200000000.0,10346000000.0,0.7314610467712641,0.4000707850592617
AVGO,Technology,59925999616,0.164,67566000000.0,9348000000.0,0.771851923645682,0.5464406199952141
BR,Technology,7055600128,0.117,3459000000.0,561500000.0,0.31343896931229265,0.24713701688962836
BRO,Financial Services,5350000128,0.342,4060000000.0,675000000.0,0.49551401879891693,0.33046728181311924
BF-B,Consumer Defensive,3888999936,-0.054,2733000000.0,444000000.0,0.5911545646268687,0.3018770941939146
BLDR,Industrials,15653056512,-0.069,4332825000.0,153624000.0,0.30971191117105196,0.10230717756447846
BG,Consumer Defensive,60109000704,0.716,7119000000.0,3311000000.0,0.05691327248719919,0.03467034846016528
BXP,Real Estate,3425025024,0.018,16984070000.0,1254882000.0,0.6034609900707107,0.5557264576645615
CHRW,Industrials,16504784896,-0.109,1741132000.0,145762000.0,0.08401920926191997,0.052782451482365565
CDNS,Technology,5212625920,0.101,2585076000.0,2644030000.0,0.8554498566434631,0.3611789859649088
CZR,Consumer Cyclical,11368999936,-0.002,25062000000.0,866000000.0,0.5025068139819189,0.30495206997246305
CPT,Real Estate,1578428032,0.021,3485591000.0,21045000.0,0.6151449190684419,0.5656171620753375
CPB,Consumer Defensive,10252999680,0.012,7212000000.0,132000000.0,0.3073247012917102,0.1843362975702346
COF,Financial Services,28885999616,0.679,44989000000.0,43230000000.0,1.0,0.0
CAH,Healthcare,234309992448,0.224,8527000000.0,3874000000.0,0.036639495594304426,0.015125261893329255
KMX,Consumer Cyclical,28279818240,-0.053,19221977000.0,246960000.0,0.12448152424900451,0.039862067798070826
CCL,Consumer Cyclical,26229999616,0.033,28876000000.0,1210000000.0,0.5502478329887598,0.26599313908278177
CARR,Industrials,22058000384,-0.068,12710000000.0,3969000000.0,0.2735968674829451,0.16547283563597928
CAT,Industrials,64670998528,0.095,38409000000.0,6889000000.0,0.30120145789254144,0.2158308969043788
CBOE,Financial Services,4617800192,0.081,1599300000.0,920300000.0,0.4942829921386083,0.32418031828086513
CBRE,Real Estate,39324999680,0.135,5694000000.0,1114000000.0,0.19295612983460805,0.06736172810059131
CDW,Technology,22099099648,0.04,5991900000.0,503500000.0,0.21604048291768668,0.08850586961252115
COR,Healthcare,321332805632,0.059,7660773000.0,4356138000.0,0.03514032154230663,0.014953547013506319
CNC,Healthcare,167680000000,0.215,19429000000.0,14063000000.0,0.11723521221374046,0.02327051603053435
CNP,Utilities,9114000384,0.071,20963000000.0,24000000.0,0.4513934275471718,0.37656351277151756
CF,Basic Materials,6736000000,0.211,3246000000.0,1614000000.0,0.36861639904988125,0.45041565795724464
CRL,Healthcare,4023704064,-0.005,2723994000.0,194606000.0,0.34680705583819,0.2202425829296774
SCHW,Financial Services,22914000896,0.266,45134000000.0,42083000000.0,0.9734222986738946,0.0
CHTR,Communication Services,55098998784,-0.009,95763000000.0,459000000.0,0.5523693894931156,0.4009873249169783
CVX,Energy,188687007744,-0.014,24541000000.0,6781000000.0,0.40601631166858176,0.1997116799219488
CMG,Consumer Cyclical,11787400192,0.075,4540618000.0,748537000.0,0.40190735351593976,0.1985554115307329
CB,Financial Services,58842001408,0.091,15289000000.0,2288000000.0,0.2903538165117064,0.2153733752210035
CHD,Consumer Defensive,6141000192,0.05,2204600000.0,964100000.0,0.4493242158817376,0.21660967634114023
CI,Healthcare,268077006848,0.095,31972000000.0,7550000000.0,0.09551359689165012,0.04345766169571404
CINF,Financial Services,12078000128,0.122,875000000.0,983000000.0,0.23224042939834616,0.23290279070942563
CTAS,Industrials,10556716032,0.087,2654481000.0,263973000.0,0.5009696106221833,0.2632335699450971
CSCO,Technology,57696002048,0.075,28093000000.0,8346000000.0,0.6484677839700842,0.271699939329564
C,Financial Services,75383996416,0.116,335805000000.0,276532000000.0,1.0,0.0
CFG,Financial Services,7442999808,0.136,12401000000.0,11236000000.0,1.0,0.0
CLX,Consumer Defensive,6770999808,-0.189,2880000000.0,167000000.0,0.4427706709514058,0.18091861921966843
CME,Financial Services,6385200128,-0.03,3428000000.0,2892400000.0,1.0,0.7038307144505526
CMS,Utilities,8295000064,0.16,16566000000.0,103000000.0,0.42326703278009764,0.3606992136124473
KO,Consumer Defensive,47663001600,0.051,44522000000.0,10828000000.0,0.6163271093694611,0.3421312081192973
CTSH,Technology,20856999936,0.074,1480000000.0,2231000000.0,0.34055713121712883,0.1811382213929542
COIN,Financial Services,7370428928,0.589,4319870000.0,8543903000.0,0.8482250090289454,0.325529237909775
CL,Consumer Defensive,20096999424,0.019,8512000000.0,1096000000.0,0.6014828510948959,0.23943874179811492
CMCSA,Communication Services,123310997504,-0.027,99093000000.0,7322000000.0,0.7188247461636559,0.3084396581802547
CAG,Consumer Defensive,11450500096,-0.058,8067600000.0,68000000.0,0.2549582910374223,0.17180908707098622
COP,Energy,61280002048,0.14,24324000000.0,5607000000.0,0.4741514201850178,0.4148498576760361
ED,Utilities,16593000448,0.107,27825000000.0,1324000000.0,0.5341408613695471,0.3584644184540433
STZ,Consumer Defensive,9624000512,-0.15,12113500000.0,68100000.0,0.5192643181771269,0.3764131071567424
CEG,Utilities,24841000960,0.003,8412000000.0,3022000000.0,0.20132038737298932,0.23944285761985656
COO,Healthcare,4092400128,0.046,2583700000.0,107600000.0,0.6553855644879893,0.2600185550575762
CPRT,Industrials,4655158784,0.007,103739000.0,2780531000.0,0.47623576141371854,0.4253895714161745
GLW,Technology,14915000320,0.209,8091000000.0,1768000000.0,0.35977204243197763,0.22742205345121977
CPAY,Technology,4314608128,0.139,7996080000.0,1553642000.0,0.7826217231842196,0.5227867813445143
CTVA,Basic Materials,17468999680,0.126,2703000000.0,3106000000.0,0.4611025365821061,0.21518118569225367
CSGP,Real Estate,3056499968,0.204,1150400000.0,4681000000.0,0.7925077472142149,0.05162767925800286
COST,Consumer Defensive,275235012608,0.081,8173000000.0,14161000000.0,0.12843206195697698,0.04653841026484177
CTRA,Energy,6665999872,0.349,3802000000.0,2038000000.0,0.7476747818335392,0.6611161339068204
CRWD,Technology,4565168128,0.222,788901000.0,4323295000.0,0.7427710842022246,-0.020552145587922583
CCI,Real Estate,6419999744,-0.043,29613000000.0,119000000.0,0.7116822614004141,0.6035825885540721
CSX,Industrials,14122999808,-0.009,18989000000.0,933000000.0,0.4629328018751751,0.4629328018751751
CMI,Industrials,33581000704,-0.016,7598000000.0,1671000000.0,0.260296000975302,0.15598106126051436
CVS,Healthcare,391689994240,0.078,82920000000.0,8586000000.0,0.13352396550613507,0.037664991868442785
DHR,Healthcare,24267999232,0.044,17146000000.0,2078000000.0,0.5959288192547113,0.31436461321213216
DRI,Consumer Cyclical,12364399616,0.104,6229700000.0,240000000.0,0.21826373425425205,0.15800201066552133
DDOG,Technology,3211691008,0.284,1842180000.0,1246983000.0,0.7995905837776035,0.0019382312882821385
DVA,Healthcare,13317964800,0.048,12066836000.0,794933000.0,0.31984128265604067,0.2003372911753003
DAY,Technology,1893299968,0.095,1232900000.0,579700000.0,0.5092167032667483,0.058891882894702506
DECK,Consumer Cyclical,5244322816,0.091,276975000.0,1889188000.0,0.576646241298049,0.25018883963378047
DE,Industrials,45683998720,0.131,65463000000.0,7324000000.0,0.33346467688544756,0.19133614475331112
DELL,Technology,104090001408,0.108,24567000000.0,3633000000.0,0.2095302101737099,0.10159476807526724
DAL,Industrials,62919999488,0.064,22771000000.0,3069000000.0,0.2111729207266455,0.12749523511248506
DVN,Energy,16554000384,0.071,9203000000.0,846000000.0,0.49347588175095214,0.46333212215056574
DXCM,Healthcare,4515899904,0.216,2587400000.0,606100000.0,0.5901370696103011,0.22633361893045184
FANG,Energy,14625999872,0.42,13329000000.0,161000000.0,0.7494188803449758,0.7246000074353071
DLR,Real Estate,5841035776,0.111,18008596000.0,3870891000.0,0.548061174552888,0.4559055958776583
DG,Consumer Defensive,42117664768,0.046,17463385000.0,932576000.0,0.3040732368839771,0.07473978211611754
DLTR,Consumer Defensive,18960900096,0.094,7830600000.0,1256500000.0,0.35939748669619276,0.11284801655863332
D,Utilities,15813000192,0.149,41750000000.0,310000000.0,0.4902927870653124,0.4847277457112675
DPZ,Consumer Cyclical,4848167936,0.031,5197241000.0,186126000.0,0.28637270703652457,0.2040073753748781
DASH,Consumer Cyclical,12634999808,0.273,536000000.0,4019000000.0,0.5142857119701509,0.08080728258923611
DOV,Industrials,7923358208,0.048,3153953000.0,1844877000.0,0.4004479975165601,0.2227934188583892
DOW,Basic Materials,40912998400,-0.083,17645000000.0,2189000000.0,0.07217754873717591,0.08569403390390473
DHI,Consumer Cyclical,34250399744,-0.032,6031100000.0,2985400000.0,0.22515941027377226,0.13934143845535843
DTE,Utilities,14821999616,0.214,23241000000.0,24000000.0,0.31271083039272424,0.24247739610790178
DUK,Utilities,31235999744,0.048,85230000000.0,314000000.0,0.5240107611136751,0.5106927945555563
DD,Basic Materials,12842999808,0.073,7171000000.0,1850000000.0,0.3711749696539433,0.255392046175759
EMN,Basic Materials,9024000000,-0.106,5017000000.0,837000000.0,0.2285017730496454,0.1873891914893617
ETN,Industrials,26633000960,0.101,9821000000.0,555000000.0,0.3826455594435573,0.22963990250988223
EBAY,Consumer Cyclical,10714000384,0.095,7863000000.0,2433000000.0,0.7164457701031197,0.25564681405932643
ECL,Basic Materials,15890400256,0.178,8282700000.0,1256800000.0,0.443575992451074,0.23971076691801613
EIX,Utilities,18087999488,0.106,37761000000.0,193000000.0,0.5600951242132189,0.40413535686185886
EW,Healthcare,5883800064,0.147,700000000.0,3045200000.0,0.7818756283286243,0.3039532241998358
EA,Communication Services,7288000000,-0.092,1951000000.0,2136000000.0,0.787870489571899,0.21501098572996707
ELV,Healthcare,194819997696,0.123,31232000000.0,8288000000.0,0.2626116518481534,0.045806387237131284
EMR,Industrials,18016000000,0.051,13759000000.0,1544000000.0,0.5283636518650089,0.2797513321492007
ENPH,Technology,1512376960,0.078,1308195000.0,369110000.0,0.31934235231935826,0.18605348761726706
ETR,Utilities,12730047488,0.125,28918886000.0,859703000.0,0.4863218483541292,0.44498433720218344
EOG,Energy,22653999104,-0.024,5067000000.0,7092000000.0,0.6228922093277752,0.5191136428500849
EPAM,Technology,5297859072,0.194,163254000.0,1286267000.0,0.28931610810503644,0.13131247897414813
EQT,Energy,7708868096,0.514,9366055000.0,202093000.0,0.7750005429590892,0.6759481344224573
EFX,Industrials,5943300096,0.072,5010500000.0,169900000.0,0.5710463845304035,0.3123853808508747
EQIX,Real Estate,9075999744,0.066,18961000000.0,3081000000.0,0.5035257823823932,0.42970472785416597
EQR,Real Estate,3078827008,0.046,8426642000.0,62302000.0,0.6300997084146664,0.6098790205233902
ERIE,Financial Services,4040325120,0.067,,274838000.0,0.17988157151076,0.2015855674505719
ESS,Real Estate,1916711040,0.062,6654090000.0,66795000.0,0.6870305499988146,0.6437089400810254
EL,Consumer Defensive,14446000128,0.036,9467000000.0,2921000000.0,0.7417277940647129,0.14343070619139345
EG,Financial Services,17677000704,-0.009,3587000000.0,1549000000.0,0.045822253082600774,0.0
EVRG,Utilities,5878799872,-0.001,14069500000.0,22000000.0,0.5252262426394773,0.4608933733065169
ES,Utilities,13148535808,0.051,29114852000.0,26656000.0,0.5438565346302018,0.3487901864487207
EXC,Utilities,24316999680,0.09,46649000000.0,357000000.0,0.4228728849495959,0.33026278610371723
EXE,Energy,10778999808,3.193,5751000000.0,317000000.0,0.4320437906069587,0.42026161542724094
EXPE,Consumer Cyclical,14369999872,0.087,6531000000.0,4183000000.0,0.8994432703638648,0.15163535723098995
EXPD,Industrials,11167760384,-0.035,568937000.0,1148320000.0,0.13682331384806332,0.10392549625821199
EXR,Real Estate,3421972992,0.034,13027861000.0,138222000.0,0.7490424611743984,0.6605411712144804
XOM,Energy,326244990976,-0.051,41710000000.0,23029000000.0,0.31221628879351343,0.1891032900380637
FFIV,Technology,3088071936,0.085,261791000.0,1344273000.0,0.8141306718575094,0.2862083585866311
FDS,Financial Services,2321747968,0.062,1558509000.0,337651000.0,0.5271743397085209,0.39022064258785216
FICO,Technology,1990868992,0.136,3074878000.0,134136000.0,0.82232784506596,0.47754220484639504
FAST,Industrials,7997599744,0.117,485400000.0,255800000.0,0.4514729603352353,0.22447984713749636
FRT,Real Estate,1257395968,0.06,4561252000.0,123409000.0,0.6797086977775325,0.6350775891783359
FDX,Industrials,88590999552,0.139,37416000000.0,5502000000.0,0.2744635567378139,0.12552065171668964
FIS,Technology,10464000000,0.057,11541000000.0,834000000.0,0.3664946544342508,0.2986429602446483
FITB,Financial Services,8125000192,0.067,18495000000.0,3014000000.0,1.0,0.0
FSLR,Technology,5050625024,0.797,718802000.0,1621376000.0,0.4004769576811886,0.399696862548155
FE,Utilities,14282999808,0.112,24023000000.0,111000000.0,0.6754883518654179,0.3134495730716459
FI,Technology,21159999488,0.009,24956000000.0,1236000000.0,0.6047731564103902,0.43449908348126326
F,Consumer Cyclical,189587996672,0.094,160862000000.0,22935000000.0,0.07554803348009291,0.051205774766403034
FTNT,Technology,6554699776,0.144,994300000.0,2875900000.0,0.808656406721747,0.3311669651061681
FTV,Technology,6260299776,0.023,3876900000.0,813300000.0,0.5973515655490552,0.2685015140080091
FOXA,Communication Services,16474000384,0.049,7465000000.0,5351000000.0,0.35753306632920373,0.21621948458004844
FOX,Communication Services,16474000384,0.049,7465000000.0,5351000000.0,0.35753306632920373,0.21621948458004844
BEN,Financial Services,8770700288,0.06,13299900000.0,3573900000.0,0.37401801045330624,0.19397538533242376
FCX,Basic Materials,26001999872,0.027,9738000000.0,3923000000.0,0.3872009766003279,0.3677409595827568
GRMN,Technology,6943124992,0.117,134886000.0,2079468000.0,0.5873389686486578,0.2833094691895185
IT,Technology,6459774976,0.027,2900006000.0,1933147000.0,0.6817375602651333,0.2034021365886043
GE,Industrials,43949998080,0.238,19273000000.0,13619000000.0,0.3245961548856568,0.2562912512418476
GEHC,Healthcare,20245999616,0.058,9376000000.0,2874000000.0,0.4080312332650397,0.1790971026757526
GEV,Industrials,37669998592,0.118,1043000000.0,8205000000.0,0.19686754120492428,0.07791346359708406
GEN,Technology,4472999936,0.253,8315000000.0,1006000000.0,0.7932036777923174,0.4346076520936485
GNRC,Industrials,4352443904,-0.05,1475737000.0,281277000.0,0.3945080248873438,0.15715929328149705
GD,Industrials,51508998144,0.106,10676000000.0,1697000000.0,0.15327419185922656,0.12114388213405512
GIS,Consumer Defensive,19156000768,-0.068,15296700000.0,363900000.0,0.3439078951701157,0.19626747845409148
GM,Consumer Cyclical,187435008000,-0.003,130693000000.0,19872000000.0,0.10076026267195506,0.08378904295189082
GPC,Consumer Cyclical,24060899328,0.049,5742736000.0,479991000.0,0.3702974579022352,0.0802509095640068
GILD,Healthcare,29087000576,0.03,26711000000.0,9991000000.0,0.7871557936740903,0.48599031292569117
GPN,Industrials,10076184576,0.005,16815381000.0,2538416000.0,0.6241562012450376,0.4351497516672724
GL,Financial Services,5940974080,0.04,2739652000.0,165325000.0,0.34116509594332384,0.2728981817069298
GDDY,Technology,4869799936,0.103,3894700000.0,1089000000.0,0.6359399023984874,0.2501950831681969
GS,Financial Services,57336999936,0.207,342555000000.0,182092000000.0,0.8299701727875209,0.0
HAL,Energy,22136999936,-0.017,8602000000.0,2618000000.0,0.1617201974228709,0.18950174260866925
HIG,Financial Services,27917000704,0.07,4366000000.0,183000000.0,0.3643299620844542,0.17433820558318958
HAS,Consumer Cyclical,4357000192,0.083,3410600000.0,694700000.0,0.6424833538313509,0.24073902267112868
HCA,Healthcare,74371997696,0.096,45237000000.0,1933000000.0,0.4137713271840093,0.20304684757462402
DOC,Real Estate,2801097984,0.008,9023269000.0,119818000.0,0.5974142802424722,0.5400753478247479
HSIC,Healthcare,12938000384,0.052,2870000000.0,122000000.0,0.3118720006369726,0.07814190523987544
HSY,Consumer Defensive,11489094656,0.065,5447554000.0,730746000.0,0.3773026552389125,0.21328739795178514
HPE,Technology,34296000512,0.144,19816000000.0,14846000000.0,0.3136225677462458,0.13879169375258493
HLT,Consumer Cyclical,4870000128,0.035,12003000000.0,1301000000.0,0.7751539968748026,0.5622176180772371
HOLX,Healthcare,4100499968,0.062,2626800000.0,1959500000.0,0.6081697245363812,0.32949641325298995
HD,Consumer Cyclical,166189006848,0.028,62290000000.0,1659000000.0,0.33355394537437844,0.1539632481190673
HON,Industrials,40669999104,0.07,32225000000.0,10567000000.0,0.36943695055361464,0.24042291830388332
HRL,Consumer Defensive,12106160128,0.015,2858757000.0,741881000.0,0.15704368783316988,0.10115156606658095
HST,Real Estate,5950000128,0.009,5643000000.0,554000000.0,0.2894117584798815,0.2694117696664359
HWM,Industrials,7975000064,0.138,3471000000.0,564000000.0,0.33278998203152865,0.2815046919101818
HPQ,Technology,55295000576,0.042,10899000000.0,3238000000.0,0.20602224217978457,0.0821050765658283
HUBB,Industrials,5686199808,0.041,1719600000.0,329100000.0,0.3516056479737407,0.23748725785191402
HUM,Healthcare,126362001408,0.111,11721000000.0,2221000000.0,0.14949114586281054,0.030555071089239327
HBAN,Financial Services,7502000128,0.148,16431000000.0,13332000000.0,1.0,0.0
HII,Industrials,12012000256,0.161,3408000000.0,831000000.0,0.12520812253968702,0.0884115865273588
IBM,Technology,65401999360,0.091,58396000000.0,13947000000.0,0.5780863183690903,0.2716583627085005
IEX,Industrials,3421299968,0.101,1986300000.0,620800000.0,0.44556163278811334,0.2680852332676841
IDXX,Healthcare,4167410944,0.133,986948000.0,288266000.0,0.6171997344546014,0.3448855942727015
ITW,Industrials,15882999808,0.023,8078000000.0,948000000.0,0.4392746974967413,0.28917710706554206
INCY,Healthcare,4813105152,0.2,43544000.0,1687829000.0,0.5648850349488479,0.2751404804546435
IR,Industrials,7458299904,0.051,4813800000.0,1541200000.0,0.4372310014311809,0.2642559287463053
PODD,Healthcare,2521799936,0.299,1392100000.0,953400000.0,0.7092949787433098,0.2025933908184539
INTC,Technology,53439000576,0.028,50011000000.0,8249000000.0,0.3302269758376703,0.19530679989339778
ICE,Financial Services,9749999616,0.026,20703000000.0,844000000.0,1.0,0.6226666977542576
IFF,Basic Materials,11072000000,-0.079,9593000000.0,469000000.0,0.3638005780346821,0.15794345664739884
IP,Consumer Cyclical,24334000128,0.564,5853000000.0,1170000000.0,0.29444399417733086,0.08453192755732364
IPG,Communication Services,8739500032,-0.048,4254600000.0,2187100000.0,0.23941873017204654,0.19606385098986862
INTU,Technology,19433000960,0.41,6639000000.0,2884000000.0,0.807286508156484,0.30082847934979984
ISRG,Healthcare,9612000256,0.229,,2027400000.0,0.6637744242690125,0.3549625273751137
IVZ,Financial Services,6278099968,0.082,7546400000.0,1496000000.0,0.28311114398616727,0.2002994597743876
INVH,Real Estate,2689620992,0.065,8202302000.0,174491000.0,0.5842867900995323,0.5497752212665658
IQV,Healthcare,15904000000,0.052,14156000000.0,1702000000.0,0.33777667605633804,0.18397888128772635
IRM,Real Estate,6639848960,0.126,16369312000.0,155716000.0,0.5563283367216835,0.33644304583699447
JBHT,Industrials,12048818176,-0.005,1477702000.0,46983000.0,0.18900202814380987,0.13003233820232893
JBL,Technology,29802000384,0.185,3366000000.0,1933000000.0,0.08878599066861886,0.07113616444143725
JKHY,Technology,2419044096,0.073,,101953000.0,0.43536329484090563,0.2723881623694056
J,Industrials,12029783040,,2709857000.0,1235448000.0,0.24812865519476568,0.10515775885514224
JNJ,Healthcare,92148998144,0.068,36634000000.0,24105000000.0,0.6835451556572487,0.34641722118471563
JCI,Industrials,23595999232,0.031,9880000000.0,379000000.0,0.364129525328508,0.16261230975107027
JPM,Financial Services,167228997632,0.088,454311000000.0,469317000000.0,1.0,0.0
K,Consumer Defensive,12670000128,0.008,6342000000.0,694000000.0,0.35209156645085077,0.18082083984648245
KVUE,Consumer Defensive,15006000128,-0.035,8719000000.0,1070000000.0,0.5833000382072234,0.23597227147777883
KDP,Consumer Defensive,16174000128,0.107,17274000000.0,510000000.0,0.5476072626379541,0.26579694410646665
KEY,Financial Services,5934000128,2.026,14235000000.0,1743000000.0,1.0,0.0
KEYS,Technology,5375000064,0.103,2030000000.0,1796000000.0,0.6208371900030548,0.21432557884337916
KMB,Consumer Defensive,19723999232,0.001,7574000000.0,1021000000.0,0.35646929313366543,0.19823566620589086
KIM,Real Estate,2123057024,0.056,8578375000.0,688622000.0,0.690256097426425,0.6121493757861494
KMI,Energy,16416000000,0.121,31669000000.0,88000000.0,0.49122807017543857,0.41794591812865495
KKR,Financial Services,22245685248,0.132,50816440000.0,14878493000.0,0.5797748070340764,0.0
KLAC,Technology,12524316672,0.13,6088282000.0,2078908000.0,0.6129524630403724,0.4492670049280594
KHC,Consumer Defensive,25163999232,-0.023,19869000000.0,1334000000.0,0.3373470114084607,0.2386743089851323
KR,Consumer Defensive,147225001984,0.007,25082000000.0,3959000000.0,0.24024452305895647,0.0358498900110295
LHX,Industrials,21739999232,0.069,12236000000.0,615000000.0,0.25648574963114334,0.18753450230112687
LH,Healthcare,13765300224,0.086,7272800000.0,1518700000.0,0.2844543750068811,0.1426412791619764
LRCX,Technology,19591788544,0.277,4484505000.0,6390659000.0,0.4931277526961042,0.3501204174695282
LW,Consumer Defensive,6456500224,0.003,4155300000.0,70700000.0,0.22617516941636523,0.19202354541728892
LVS,Consumer Cyclical,12263999488,0.242,13752000000.0,3650000000.0,0.7981083386033487,0.3469504437083029
LDOS,Technology,17332000768,0.067,5291000000.0,943000000.0,0.1761481537455699,0.13472189940766105
LEN,Consumer Cyclical,34766213120,-0.064,4189239000.0,4909664000.0,0.19493851207226334,0.10502233635274914
LII,Industrials,5345299968,-0.048,1488600000.0,415100000.0,0.33204871169542566,0.21714404036230134
LLY,Healthcare,59419799552,0.539,33644200000.0,3268400000.0,0.830290608113292,0.4834853162178503
LIN,Basic Materials,33504000000,0.031,22609000000.0,4850000000.0,0.48776264374403056,0.392490452722063
LYV,Communication Services,24569493504,0.111,8271741000.0,6095424000.0,0.2514371721579955,0.08875896768669506
LKQ,Consumer Cyclical,14097000448,0.013,5609000000.0,234000000.0,0.39057953444139665,0.11633680555303334
LMT,Industrials,73348997120,0.088,20270000000.0,2483000000.0,0.08252328497548789,0.09893795717653024
L,Financial Services,18265999360,0.046,8944000000.0,541000000.0,0.36587101949838235,0.1594218822966169
LOW,Consumer Cyclical,84254998528,0.032,39678000000.0,1761000000.0,0.3358969936317177,0.14744525881003406
LULU,Consumer Cyclical,10904036352,0.065,1575791000.0,1984336000.0,0.590963370992254,0.2729910194635419
LYB,Basic Materials,37778001920,-0.102,12923000000.0,3375000000.0,0.08163480976391459,0.06620254669096062
MTB,Financial Services,9080000512,0.08,13605000000.0,20782000000.0,1.0,0.0
MPC,Energy,133580996608,-0.008,28758000000.0,3210000000.0,0.09311204386728691,0.062082185360064476
MKTX,Financial Services,839262976,0.01,72654000.0,544478000.0,0.6206302611876447,0.506878072981978
MAR,Consumer Cyclical,6873999872,0.056,15241000000.0,396000000.0,0.8155368391604183,0.6691882580238722
MMC,Financial Services,26453000192,0.115,21862000000.0,2398000000.0,0.4395342578765895,0.29221637681527446
MLM,Basic Materials,6903000064,0.124,5804000000.0,670000000.0,0.3055193273137423,0.33695496254308016
MAS,Industrials,7597000192,-0.033,3214000000.0,634000000.0,0.3577728128613426,0.19046992594837098
MA,Financial Services,31473999872,0.167,18226000000.0,8442000000.0,1.0,0.6231175044722324
MTCH,Communication Services,3469367040,0.021,3848983000.0,965993000.0,0.7232962286976704,0.3036052409144926
MKC,Consumer Defensive,6787899904,0.027,4508500000.0,186100000.0,0.3823126358228632,0.19039762198591195
MCD,Consumer Cyclical,26264000512,0.03,51948000000.0,1085000000.0,0.5742461197832008,0.5441669001441726
MCK,Healthcare,387093987328,0.101,7390000000.0,5691000000.0,0.03442058180229508,0.016809870525026683
MDT,Healthcare,34758000640,0.066,28516000000.0,2218000000.0,0.6557627176567081,0.2754186091182488
MRK,Healthcare,64234999808,0.037,37111000000.0,13242000000.0,0.7785163635630908,0.4907449274417845
META,Communication Services,189458006016,0.262,49060000000.0,43889000000.0,0.8201342851823208,0.5193710452948083
MET,Financial Services,71932002304,-0.059,18715000000.0,20068000000.0,0.24260411567925427,0.07899126522276768
MTD,Healthcare,3941790976,0.079,2013888000.0,59362000.0,0.5973238982827282,0.3042576512306674
MGM,Consumer Cyclical,17278978048,0.016,31610449000.0,2415532000.0,0.44646198927794367,0.13386908748736667
MCHP,Technology,4212400128,-0.02,5666100000.0,771700000.0,0.5405706872108423,0.20719779068433264
MU,Technology,37377998848,0.46,15278000000.0,9642000000.0,0.39790787079003337,0.4839745556621191
MSFT,Technology,293812011008,0.184,60588000000.0,30242000000.0,0.6876403777601143,0.5664744422836689
MAA,Real Estate,2203401984,0.006,5007048000.0,43018000.0,0.586614223544241,0.5619637601270309
MRNA,Healthcare,2232000000,-0.454,747000000.0,1927000000.0,-1.076164817204301,-1.4583333620071686
MHK,Consumer Cyclical,10722899968,0.014,2628300000.0,666600000.0,0.25109811487891703,0.12322226001763631
MOH,Healthcare,42842001408,0.116,3118000000.0,4662000000.0,0.10473367061610082,0.03400868045646277
TAP,Consumer Defensive,11214000128,-0.023,6192800000.0,969300000.0,0.3873550703066302,0.2150169406525621
MDLZ,Consumer Defensive,37645000704,0.059,18372000000.0,1351000000.0,0.3105326116452395,0.1492097179162268
MPWR,Technology,2660968960,0.189,12974000.0,691816000.0,0.552385994010242,0.2782144441098629
MNST,Consumer Defensive,7975330816,0.168,373951000.0,1533287000.0,0.5581344662305229,0.31192172881521757
MCO,Financial Services,7501000192,0.107,7746000000.0,2408000000.0,0.7375016816957308,0.47713637813489074
MS,Financial Services,68531998720,0.191,310421000000.0,75743000000.0,0.867974105045918,0.0
MOS,Basic Materials,11894599680,0.228,4449800000.0,272800000.0,0.15647437072888526,0.19228894301048052
MSI,Technology,11313000448,0.078,6551000000.0,2102000000.0,0.5157782707443945,0.295677521748119
MSCI,Financial Services,3055439872,0.095,4631969000.0,405854000.0,0.8237400078020582,0.5795365047851284
NDAQ,Financial Services,8168000000,0.029,9868000000.0,592000000.0,0.6224290225269343,0.3681439843290891
NTAP,Technology,6637000192,0.028,3491000000.0,2742000000.0,0.7025764545887179,0.2565918358798203
NFLX,Communication Services,43378786304,0.172,15582804000.0,7804733000.0,0.48085056981127655,0.2989860322303221
NEM,Basic Materials,21503000576,0.2,8972000000.0,3619000000.0,0.592986988347649,0.5696414271444235
NWSA,Communication Services,8499999744,0.023,2940000000.0,2403000000.0,0.5656470758594884,0.13505882759706586
NWS,Communication Services,8499999744,0.023,2940000000.0,2403000000.0,0.5656470758594884,0.13505882759706586
NEE,Utilities,26296999936,0.053,82333000000.0,1487000000.0,0.6204129690727623,0.5494923339988406
NKE,Consumer Cyclical,46440001536,0.011,11018000000.0,7464000000.0,0.41937984762774666,0.09037467263532521
NI,Utilities,6327099904,0.183,13960300000.0,156600000.0,0.5082107254173681,0.43550759017697344
NDSN,Industrials,2784348928,0.121,2320351000.0,115952000.0,0.5456000778936856,0.3012962835094783
NSC,Industrials,12229999616,0.017,17478000000.0,1641000000.0,0.46426821801136514,0.46426821801136514
NTRS,Financial Services,7932899840,0.042,13372000000.0,45397300000.0,1.0,0.0
NOC,Industrials,40928002048,0.043,16490000000.0,4353000000.0,0.19421911146988027,0.1606968238587985
NCLH,Consumer Cyclical,9692558336,0.047,13100490000.0,190765000.0,0.41984117081717404,0.2623521864764354
NRG,Utilities,29778999296,0.057,10991000000.0,966000000.0,0.2175022782874376,0.12243528037188749
NUE,Basic Materials,31882999808,0.145,6950000000.0,3558000000.0,0.1148260815496223,0.12473731957311311
NVDA,Technology,187141996544,0.625,10270000000.0,8589000000.0,0.700500147037696,0.602195138414607
NVR,Consumer Cyclical,10582633472,-0.049,1020485000.0,2610975000.0,0.23671574515247465,0.18103801374856876
NXPI,Technology,12044999680,-0.024,10854000000.0,3031000000.0,0.554005820944945,0.33175592413133215
ORLY,Consumer Cyclical,17463279616,0.078,7920850000.0,130245000.0,0.5147372602202511,0.2215818602855497
OXY,Energy,26601000960,-0.077,27104000000.0,2132000000.0,0.6357655497787704,0.47716250268501176
ODFL,Industrials,5574922240,-0.043,59987000.0,108676000.0,0.39295671037018803,0.31420062138839805
OMC,Communication Services,16065300480,0.04,6870800000.0,4339400000.0,0.18593489164542537,0.16069416212998214
ON,Technology,6187800064,-0.12,3366900000.0,2691300000.0,0.4029703413507059,0.30131871565267176
OKE,Energy,31563999232,0.719,32077000000.0,733000000.0,0.3196996595339418,0.23371562905505017
ORCL,Technology,59017998336,0.122,104104000000.0,10786000000.0,0.6966180342128233,0.4145006649111984
OTIS,Industrials,14309999616,0.04,8742000000.0,2300000000.0,0.303843492150657,0.1775681344644419
PCAR,Industrials,29531500544,-0.19,15895000000.0,7060800000.0,0.1487597885334194,0.1294685290475973
PKG,Consumer Cyclical,8771800064,0.06,2771500000.0,685000000.0,0.22023986159108153,0.2112109280287399
PLTR,Technology,3896163072,0.628,239219000.0,2098524000.0,0.808081954943389,0.22478448047874727
PANW,Technology,9556500480,0.157,338200000.0,2268600000.0,0.7346726821908767,0.14466592356619648
PSKY,Communication Services,28726999040,-0.004,15549000000.0,2661000000.0,0.3170188541907648,0.09322241158121332
PH,Industrials,20029999104,0.037,9285000000.0,467000000.0,0.37199201903668744,0.2599600747341102
PAYX,Technology,5793200128,0.168,5022300000.0,1628600000.0,0.7282676190674834,0.4536352865315686
PAYC,Technology,2001299968,0.092,83400000.0,402000000.0,0.8679358236016321,0.26207965241920195
PYPL,Financial Services,32861999104,0.073,9879000000.0,6561000000.0,0.41558640096054456,0.2014180508937549
PNR,Industrials,4128399872,0.029,1767100000.0,118700000.0,0.4042728388109009,0.2617479162638633
PEP,Consumer Defensive,92365996032,0.027,44948000000.0,8505000000.0,0.5426888928977062,0.18422364552973416
PFE,Healthcare,62784999424,-0.059,63649000000.0,1043000000.0,0.7480767849469177,0.3895675723881647
PCG,Utilities,24761999360,0.052,58343000000.0,940000000.0,0.38042163393384404,0.3851869848364296
PM,Consumer Defensive,39992000512,0.094,45695000000.0,4216000000.0,0.669208828399807,0.4490897994115329
PSX,Energy,131953000448,-0.029,20062000000.0,1738000000.0,0.10793995037356409,0.039931642434129
PNW,Utilities,5307180032,0.029,11048342000.0,3838000.0,0.4115937101867661,0.38232394675998055
PNC,Financial Services,21799000064,0.108,61673000000.0,46251000000.0,1.0,0.0
POOL,Industrials,5294666240,0.013,1271923000.0,77862000.0,0.29594991657113406,0.12032920435793135
PPG,Basic Materials,15690000384,0.012,6395000000.0,1270000000.0,0.41561502717678966,0.16806882545962848
PPL,Utilities,8979000320,0.084,16806000000.0,306000000.0,0.4229869687764974,0.3808887268198694
PFG,Financial Services,15800800256,0.222,4108000000.0,4211900000.0,0.46589413452047373,0.13768290192605293
PG,Consumer Defensive,84933001216,0.03,35463000000.0,9556000000.0,0.5127924463806104,0.29107648991618085
PGR,Financial Services,85165998080,0.142,6893000000.0,143000000.0,0.17906206955591636,0.16547683345132472
PLD,Real Estate,9100544000,0.087,31494568000.0,1318591000.0,0.7609468058173225,0.709003797575178
PRU,Financial Services,57598001152,-0.083,21570000000.0,18497000000.0,0.2800444381643253,0.06102642441920829
PEG,Utilities,11717999616,0.221,153000000.0,125000000.0,0.35560677594751683,0.3783922185784786
PTC,Technology,2739226112,0.427,1369867000.0,184415000.0,0.8375515485740229,0.40543529398130973
PSA,Real Estate,4795182080,0.031,9353034000.0,447416000.0,0.7270064139045165,0.7047572016285146
PHM,Consumer Cyclical,17622999040,-0.016,2254513000.0,1613327000.0,0.271520822825852,0.1988671676168916
PWR,Industrials,27191171072,0.175,4478957000.0,741960000.0,0.15157166497488617,0.09055616094944777
QCOM,Technology,44283998208,0.1,14811000000.0,5520000000.0,0.5542860150230453,0.31605096247771935
DGX,Healthcare,10849999872,0.132,7087000000.0,549000000.0,0.3344700441301535,0.19732718536938984
RL,Consumer Cyclical,7570599936,0.165,2668100000.0,1922500000.0,0.6921644102579085,0.17276042097808192
RJF,Financial Services,14014999552,0.07,4220000000.0,11389000000.0,0.9305744052013795,0.0
RTX,Industrials,85987999744,0.119,42893000000.0,5578000000.0,0.2012722808243674,0.16818626053700148
O,Real Estate,5614793216,0.103,26757140000.0,444962000.0,0.9257259884813539,0.89980215007797
REG,Real Estate,1576867968,0.077,5018169000.0,56283000.0,0.7146717409887801,0.6312329428965863
REGN,Healthcare,14247799808,0.009,2704400000.0,2488200000.0,0.4583234121757812,0.3051699430503396
RF,Financial Services,6944999936,0.156,6493000000.0,10712000000.0,1.0,0.0
RSG,Industrials,16501999616,0.033,12957000000.0,74000000.0,0.432674821848693,0.31268937826158777
RMD,Healthcare,5257399808,0.091,851813000.0,1209450000.0,0.6069232191823445,0.3687105943607932
RVTY,Healthcare,2813367040,0.022,3325805000.0,1163396000.0,0.5525038183428779,0.2930339412805519
ROK,Industrials,8342000128,0.138,3647000000.0,468000000.0,0.48141931651622244,0.20810356909167385
ROL,Consumer Cyclical,3680305920,0.12,812528000.0,89630000.0,0.5285971009714323,0.22893232527800297
ROP,Technology,7720999936,0.143,7669200000.0,188200000.0,0.6895998150672695,0.39513018433989533
ROST,Consumer Cyclical,22027347968,0.104,5682429000.0,4730744000.0,0.3230028363984666,0.14146024825715414
RCL,Consumer Cyclical,17436999680,0.052,20820000000.0,388000000.0,0.5028388003044341,0.36032573970890847
SPGI,Financial Services,15011999744,0.088,11933000000.0,1666000000.0,0.698241410255116,0.5028643965316604
CRM,Technology,40317001728,0.086,11392000000.0,8848000000.0,0.7772899531424203,0.2927052962820956
SBAC,Real Estate,2789255936,0.097,15756194000.0,189841000.0,0.7516649716291937,0.6508617615791282
SLB,Energy,35247001600,-0.025,12074000000.0,3544000000.0,0.1930660732287651,0.2178908744396573
STX,Technology,9557999616,0.213,4995000000.0,891000000.0,0.3699518876398331,0.2605147491146331
SRE,Utilities,13710999552,0.135,35848000000.0,1565000000.0,0.41331777355162735,0.40427395850884207
NOW,Technology,12666999808,0.218,2278000000.0,2304000000.0,0.7805320677241776,0.19720532958580747
SHW,Basic Materials,23275599872,0.032,11913300000.0,210400000.0,0.4887564838096904,0.18652580074736216
SPG,Real Estate,6155274752,0.082,24784778000.0,1400345000.0,0.8199326885221712,0.7391947660048174
SWKS,Technology,4086899968,0.073,1203100000.0,1161300000.0,0.41158334707741007,0.23849373354664893
SJM,Consumer Defensive,8773199872,0.026,7761700000.0,69900000.0,0.35139971880034243,0.20805407315813174
SW,Consumer Cyclical,31138000896,0.043,13595000000.0,855000000.0,0.18870831700550286,0.14316910988889708
SNA,Industrials,5115400192,0.036,1292800000.0,1360500000.0,0.5181217305627376,0.27251044838683075
SOLV,Healthcare,8401999872,0.007,8010000000.0,762000000.0,0.5440371194521246,0.1498452848345866
SO,Utilities,28913000448,0.075,66277000000.0,1070000000.0,0.4902293054465905,0.47774357479233837
LUV,Industrials,27551000576,0.012,8058000000.0,7509000000.0,0.21534608790826662,0.06115930096084508
SWK,Industrials,15166300160,0.001,6229600000.0,290500000.0,0.29858303107723805,0.09840237792049607
SBUX,Consumer Cyclical,37184401408,0.055,26611500000.0,3219800000.0,0.23045954312864975,0.14668784849193503
STT,Financial Services,13626000384,0.094,33112000000.0,116102000000.0,1.0,0.0
STLD,Basic Materials,17634670592,0.112,3231007000.0,589464000.0,0.1306872111943785,0.10966556034663469
STE,Healthcare,5702414848,0.099,2202540000.0,171701000.0,0.44510896447497467,0.2723838923337484
SYK,Healthcare,24380999680,0.102,13597000000.0,3652000000.0,0.6504655480968367,0.27037447547351756
SMCI,Technology,21052575744,-0.155,4778842000.0,5169911000.0,0.10078172712926542,0.046899818625822966
SYF,Financial Services,9644999680,0.207,15462000000.0,14711000000.0,1.0,0.0
SNPS,Technology,6435303936,0.14,684457000.0,3896532000.0,0.8112826104131347,0.20375913570525722
SYY,Consumer Defensive,82033999872,0.032,14494000000.0,1071000000.0,0.1842772472826814,0.05439208297732875
TMUS,Communication Services,85846999040,0.089,114404000000.0,5409000000.0,0.6377508857879816,0.37931435763791144
TROW,Financial Services,7205199872,0.06,278700000.0,2649800000.0,0.5138788655105333,0.389093999029039
TTWO,Communication Services,6219899904,0.311,4105900000.0,1456100000.0,0.5953793561241206,0.12355503784004303
TPR,Consumer Cyclical,7207799808,0.131,3899200000.0,1100000000.0,0.7567496303027178,0.22804461996511655
TRGP,Energy,17378099200,0.078,14265000000.0,157300000.0,0.3599530664435383,0.2663237148513918
TGT,Consumer Defensive,105242001408,-0.016,19875000000.0,4762000000.0,0.27813990726496085,0.07664240288181046
TEL,Technology,17262000128,0.167,5820000000.0,1255000000.0,0.35216081676071226,0.24365659233066597
TDY,Technology,6005400064,0.067,2649000000.0,649800000.0,0.42733204726591884,0.24138275294759778
TER,Technology,2859570944,0.043,76621000.0,553354000.0,0.5892292966311522,0.22343807393225493
TSLA,Consumer Cyclical,95632998400,0.116,13623000000.0,16139000000.0,0.1700668154309381,0.11259711794208473
TXN,Technology,17265999872,0.142,13596000000.0,3200000000.0,0.57482915936396,0.45262366048510533
TPL,Energy,772395008,0.17,453000.0,369835000.0,0.9412710031393677,0.8324095642006013
TXT,Industrials,14236999680,0.051,3588000000.0,1441000000.0,0.17798694844109178,0.11055700185279488
TMO,Healthcare,43735998464,0.049,31275000000.0,4009000000.0,0.41389245133845814,0.2477364345281499
TJX,Consumer Cyclical,58979000320,0.075,12778000000.0,5335000000.0,0.30851660199858744,0.13394598438660005
TKO,Communication Services,2545175040,-0.273,3035377000.0,525556000.0,0.9312129542178758,0.41372754622016095
TTD,Communication Services,2790504960,0.177,312215000.0,1369463000.0,0.7881243916513232,0.22207199087006818
TSCO,Consumer Cyclical,15399257088,0.072,5424448000.0,251491000.0,0.3645798734261641,0.12820813398449576
TT,Industrials,21051400192,0.055,4770300000.0,1590100000.0,0.36420856047920597,0.1998394372645443
TDG,Industrials,8830999552,0.115,30030000000.0,2808000000.0,0.6025365424002231,0.5170422782963358
TRV,Financial Services,48404000768,0.048,8033000000.0,568000000.0,0.2839641399453669,0.17302288924713705
TRMB,Technology,3600900096,0.029,1514000000.0,738800000.0,0.7027687157472308,0.21605709107681947
TFC,Financial Services,18279999488,0.025,52590000000.0,39768000000.0,1.0,0.0
TYL,Technology,2298291968,0.097,638368000.0,744721000.0,0.4605750769434008,0.20061898071254974
TSN,Consumer Defensive,54441000960,0.022,8830000000.0,1229000000.0,0.06693484571816366,0.051946142615523286
USB,Financial Services,26012999680,0.072,65626000000.0,56502000000.0,1.0,0.0
UBER,Technology,49609998336,0.204,11126000000.0,5893000000.0,0.341503743121593,0.10665188440775521
UDR,Real Estate,1742477056,0.066,6009240000.0,1326000.0,0.667737375360884,0.5856559364647381
ULTA,Consumer Cyclical,11982077952,0.129,1923234000.0,703201000.0,0.4290214172026779,0.15531671279849807
UNP,Industrials,24546000896,0.025,32463000000.0,1016000000.0,0.5614356591279088,0.5080257133874749
UAL,Industrials,58368999424,0.026,33633000000.0,8769000000.0,0.34389832202171416,0.13842964723972445
UPS,Industrials,89483001856,-0.037,25652000000.0,6112000000.0,0.21691270374719246,0.12964473930667683
URI,Industrials,15985999872,0.059,14789000000.0,457000000.0,0.38984111409356076,0.2819341826653056
UNH,Healthcare,435159007232,0.122,76904000000.0,25312000000.0,0.19701074525683324,0.06719842373482106
UHS,Healthcare,16992502784,0.134,4955429000.0,125983000.0,0.4357814858781429,0.15033806005348482
VLO,Energy,116552998912,-0.032,11540000000.0,4657000000.0,0.06163719567116478,0.05364941486165575
VTR,Real Estate,5544046080,0.218,13740554000.0,897850000.0,0.41855153411711904,0.38078021169694176
VLTO,Industrials,5452000256,0.068,2767000000.0,1101000000.0,0.6001467069630306,0.24724870445787447
VRSN,Technology,1626700032,0.073,1801500000.0,206700000.0,0.8796951102537386,0.6966865099317832
VRSK,Industrials,3029499904,0.059,3245800000.0,291200000.0,0.696220520494197,0.4917313138162093
VZ,Communication Services,137491005440,0.015,168357000000.0,4194000000.0,0.5941479673275709,0.36507116781471405
VRTX,Healthcare,11723299840,0.11,1749500000.0,4569600000.0,0.5271638685648425,0.4019175379207907
VTRS,Healthcare,14124399616,0.002,14305900000.0,734800000.0,0.40067542648603577,0.2858386959985599
VICI,Real Estate,3969078016,0.044,17650085000.0,524615000.0,0.9907258099106108,0.924273347415099
V,Financial Services,40000000000,0.115,25171000000.0,17164000000.0,0.9776499712,0.7007000064
VST,Utilities,17191000064,-0.209,17364000000.0,1188000000.0,0.3480891151022219,0.30283288398689406
VMC,Basic Materials,7882200064,0.144,5828800000.0,559700000.0,0.28226891958270395,0.29588184987231503
WRB,Financial Services,14654011392,0.108,2840966000.0,1974747000.0,0.43850533291573957,0.17996368485421743
GWW,Industrials,17749999616,0.061,3183000000.0,1036000000.0,0.39092957510518067,0.16771830988190597
WAB,Industrials,10785000448,0.084,3980000000.0,706000000.0,0.34186369131618605,0.2155771756533542
WMT,Consumer Defensive,703060967424,0.058,60114000000.0,9037000000.0,0.2490665891488693,0.0607529132793412
DIS,Communication Services,94424997888,-0.005,44877000000.0,5695000000.0,0.37764366061512744,0.2056552953809265
WBD,Communication Services,37862998016,-0.06,39505000000.0,5312000000.0,0.4448406278045534,0.2048966150203334
WM,Industrials,24783998976,0.149,23900000000.0,414000000.0,0.3999354794034026,0.2936168694586699
WAT,Healthcare,3105637888,0.08,1702342000.0,324421000.0,0.5896257381053692,0.34365822883727004
WEC,Utilities,9547200512,0.129,20327000000.0,9800000.0,0.4342215285820531,0.3950791542776388
WFC,Financial Services,79072002048,0.075,186649000000.0,203361000000.0,1.0,0.0
WELL,Real Estate,9907853312,0.306,16758356000.0,3506586000.0,0.3983386676930245,0.3786954410654884
WST,Healthcare,3017900032,0.077,302300000.0,484600000.0,0.3557771816876405,0.26554888879765254
WDC,Technology,10126000128,,4711000000.0,2114000000.0,0.40618209401626426,0.2899466682684996
WY,Real Estate,7072000000,0.021,5105000000.0,684000000.0,0.16515837104072398,0.14423076923076922
WSM,Consumer Cyclical,7911904768,0.046,1347315000.0,1212977000.0,0.46307307626076827,0.2146356754530643
WMB,Energy,11582000128,0.083,26937000000.0,60000000.0,0.6122431125568021,0.5436021352459788
WTW,Financial Services,9806999552,-0.0,5931000000.0,1890000000.0,0.42857145467523317,0.26837974102519874
WDAY,Technology,9230999552,0.126,3362000000.0,1543000000.0,0.7563644747970193,0.13108006269351838
WYNN,Consumer Cyclical,7110737920,0.083,12165624000.0,2426155000.0,0.6854982229467402,0.25306923307335166
XEL,Utilities,14227999744,0.074,30208000000.0,179000000.0,0.4503092619678923,0.40012653179873436
XYL,Industrials,8894000128,0.078,2125000000.0,1121000000.0,0.38228018338971625,0.20845513529545118
YUM,Consumer Cyclical,8061000192,0.084,12286000000.0,616000000.0,0.46172928710432665,0.3497084725041525
ZBRA,Technology,5255000064,0.052,2362000000.0,901000000.0,0.48392008240325685,0.1853472860395383
ZBH,Healthcare,8010899968,0.097,6204600000.0,525500000.0,0.7162366104831631,0.3296133990622313
ZTS,Healthcare,9397000192,0.005,6744000000.0,1985000000.0,0.7173566089462096,0.42471001196718927
